region,source,negative,neutral,positive
INDIA,CNBC,0.5335365853658537,0.23780487804878048,0.22865853658536586
INDIA,REPUBLIC,0.366571018651363,0.2812051649928264,0.3522238163558106
INDIA,WION,0.4716981132075472,0.3333333333333333,0.1949685534591195
MIDDLE_EAST,AJ1,0.45850178359096316,0.2801426872770511,0.26135552913198573
MIDDLE_EAST,AJ2,0.4978241949521323,0.25935596170583114,0.24281984334203655
MIDDLE_EAST,AJ3,0.42121754700089525,0.2867054610564011,0.29207699194270365
WEST,BBC,0.4628434169043687,0.2816393934844618,0.2555171896111695
WEST,CNN,0.44732618062008955,0.287572864746135,0.2651009546337755
WEST,FOX,0.41303951921325804,0.3097796394099435,0.2771808413767984
